id,name,model_id:id,group_id:id,perm_read,perm_write,perm_create,perm_unlink
access_client,access_client,model_it_asset_client,base.group_user,1,1,1,1
access_contract,access_contract,model_it_asset_contract,base.group_user,1,1,1,1
access_equipment,access_equipment,model_it_asset_equipment,base.group_user,1,1,1,1
access_equipment_type,access_equipment_type,model_it_asset_equipment_type,base.group_user,1,1,1,1
access_license,access_license,model_it_asset_license,base.group_user,1,1,1,1
access_user_final,access_user_final,model_it_asset_user_final,base.group_user,1,1,1,1
access_intervention,access_intervention,model_it_asset_intervention,base.group_user,1,1,1,1
access_incident,access_incident,model_it_asset_incident,base.group_user,1,1,1,1
access_technician,access_technician,model_it_asset_technician,base.group_user,1,1,1,1
access_invoice,access_invoice,model_account_move,base.group_user,1,1,1,1
access_supplier,access_supplier,model_it_asset_supplier,base.group_user,1,1,1,1
access_site,access_site,model_it_asset_site,base.group_user,1,1,1,1
access_department,access_department,model_it_asset_department,base.group_user,1,1,1,1
access_maintenance,access_maintenance,model_it_asset_maintenance,base.group_user,1,1,1,1
access_alert,access_alert,model_it_asset_alert,base.group_user,1,1,1,1
access_warranty,access_warranty,model_it_asset_warranty,base.group_user,1,1,1,1
access_amortization,access_amortization,model_it_asset_amortization,base.group_user,1,1,1,1
access_billing_plan,access_billing_plan,model_it_asset_billing_plan,base.group_user,1,1,1,1
access_sla,access_sla,model_it_asset_sla,base.group_user,1,1,1,1