<?xml version="1.0" encoding="utf-8"?>
<odoo>
    <record id="rule_client_manager" model="ir.rule">
        <field name="name">Clients - Gestionnaires Seulement</field>
        <field name="model_id" ref="model_it_asset_client"/>
        <field name="groups" eval="[(4, ref('group_it_manager'))]"/>
        <field name="domain_force">[(1, '=', 1)]</field>
    </record>

    <record id="rule_client_user" model="ir.rule">
        <field name="name">Clients - Utilisateurs</field>
        <field name="model_id" ref="model_it_asset_client"/>
        <field name="groups" eval="[(4, ref('base.group_user'))]"/>
        <field name="domain_force">[('create_uid', '=', user.id)]</field>
    </record>
</odoo>