<?xml version="1.0" encoding="utf-8"?>
<odoo>
    <record id="client_demo" model="it.asset.client">
        <field name="name">Client Démo SA</field>
        <field name="address">123 Rue Démo, Paris, France</field>
        <field name="phone">+33 1 23 45 67 89</field>
        <field name="email">contact@clientdemo.fr</field>
    </record>

    <record id="contract_demo" model="it.asset.contract">
        <field name="name">Contrat Infogérance 2023</field>
        <field name="client_id" ref="client_demo"/>
        <field name="start_date">2023-01-01</field>
        <field name="end_date">2023-12-31</field>
        <field name="terms">Support 24/7 inclus</field>
        <field name="pricing_model">fixed</field>
        <field name="billing_frequency">monthly</field>
        <field name="amount">1500.00</field>
        <field name="state">active</field>
    </record>

    <record id="equipment_demo" model="it.asset.equipment">
        <field name="name">PC Bureautique 001</field>
        <field name="equipment_type_id" ref="type_pc"/>
        <field name="serial_number">SN123456</field>
        <field name="purchase_date">2022-12-01</field>
        <field name="warranty_end_date">2024-12-01</field>
        <field name="client_id" ref="client_demo"/>
        <field name="state">active</field>
    </record>
</odoo>