<?xml version="1.0" encoding="utf-8"?>
<odoo>
    <record id="type_pc" model="it.asset.equipment.type">
        <field name="name">Ordinateur</field>
        <field name="code">PC</field>
        <field name="description">Ordinateur de bureau ou portable</field>
    </record>
    <record id="type_printer" model="it.asset.equipment.type">
        <field name="name">Imprimante</field>
        <field name="code">PR</field>
        <field name="description">Imprimante laser ou jet d'encre</field>
    </record>
    <record id="type_router" model="it.asset.equipment.type">
        <field name="name">Routeur</field>
        <field name="code">RT</field>
        <field name="description">Routeur réseau</field>
    </record>
</odoo>