<?xml version="1.0" encoding="utf-8"?>
<odoo>
    <record id="cron_check_alerts" model="ir.cron">
        <field name="name">Vérifier les Alertes</field>
        <field name="model_id" ref="model_it_asset_alert"/>
        <field name="state">code</field>
        <field name="code">model._check_alerts()</field>
        <field name="interval_number">1</field>
        <field name="interval_type">days</field>
        <field name="numbercall">-1</field>
    </record>

    <record id="cron_generate_invoices" model="ir.cron">
        <field name="name">Générer les Factures</field>
        <field name="model_id" ref="model_it_asset_billing_plan"/>
        <field name="state">code</field>
        <field name="code">model._generate_invoices()</field>
        <field name="interval_number">1</field>
        <field name="interval_type">days</field>
        <field name="numbercall">-1</field>
    </record>
</odoo>