<?xml version="1.0" encoding="utf-8"?>
<odoo>
    <record id="sequence_contract" model="ir.sequence">
        <field name="name">Contrat</field>
        <field name="code">it.asset.contract</field>
        <field name="prefix">CONT/</field>
        <field name="padding">5</field>
    </record>

    <record id="sequence_intervention" model="ir.sequence">
        <field name="name">Intervention</field>
        <field name="code">it.asset.intervention</field>
        <field name="prefix">INT/</field>
        <field name="padding">5</field>
    </record>

    <record id="sequence_incident" model="ir.sequence">
        <field name="name">Incident</field>
        <field name="code">it.asset.incident</field>
        <field name="prefix">INC/</field>
        <field name="padding">5</field>
    </record>
</odoo>